{"message_ids": {"om_x100b6b0a30abeca8c387d3b0cf626dd": 1782835175.1314058, "om_x100b6b0ad3c918a8c441ecb7a815b3f": 1782835664.9695835, "om_x100b6b74479d2ca0c3f05ad8fd1a496": 1782841493.6689324, "om_x100b6b74598294a0c42a4c9467b95a0": 1782841717.568813, "om_x100b6b745601d4a8c1089a11df18c2e": 1782841741.396993, "om_x100b6b74550768a0c21bb4b4e839c52": 1782841789.3231428, "om_x100b6b740d4ae8a4c221cf7ce67bfda": 1782842425.143611, "om_x100b6b741f2b4ca0c24dfeb8a783c86": 1782842655.0451264, "om_x100b6b741a418458c38647d96fee4d4": 1782842697.4929283, "om_x100b6b74da4508a8c4aa8333cf17307": 1782843721.1702363, "om_x100b6b74da2d40a4c2dd0cab0fea79b": 1782843726.6430836, "om_x100b6b74ea8318a8c3c4e4b9be779b7": 1782843973.603188, "om_x100b6b74e8a5f468c29ca9856264823": 1782844007.1753914, "om_x100b6b74e436a4a0c358f2fbb89e9ae": 1782844080.3960063, "om_x100b6b748b1834a8c17386d7193be08": 1782844510.0567625, "om_x100b6b74859c24a0c00d59e5ac72b30": 1782844597.655293, "om_x100b6b73d5e87ca8c1e85fe2358d225": 1782872499.4904284, "om_x100b6b73d0d18ca0c2ee689e1eee9d3": 1782872546.7006395, "om_x100b6b73d111508cc16eb4a8ce75a36": 1782872574.7839227, "om_x100b6b73975bb894c3749d2b01f8e1e": 1782873498.8132157, "om_x100b6b73adc658acc3daf98d8b8848d": 1782873649.8107657, "om_x100b6b73ab5d6488c3d04b850437b8d": 1782873690.0950096, "om_x100b6b73bed3850cc05c2a90b0b7cf2": 1782873858.938203, "om_x100b6b7c4a509004c3d1b8052975ba7": 1782874186.7862122, "om_x100b6b7c5e236cb8c2929af2a568a3c": 1782874384.1063788, "om_x100b6b7c0b7400a0c2e3eac1742b7d0": 1782875228.601926, "om_x100b6b7c090004b0c3b6cf2f5603b4b": 1782875261.8624225, "om_x100b6b7f222e6c90c184723fde023e6": 1782888143.3036973, "om_x100b6b7f321a98b8c0511f8f144d84c": 1782888398.512958, "om_x100b6b7fda278ce0c1c251d82331592": 1782888783.6606429, "om_x100b6b7ffeba38c8c4a40671998be34": 1782889224.773633, "om_x100b6b7ffbdb7c80c2d0b63cc01d87d": 1782889298.539688, "om_x100b6b7fb9ad20a4c4b4d457fcc7ab9": 1782890359.1098382, "om_x100b6b79ba3cd8b0c360571e9156078": 1782898512.0915213, "om_x100b6b7a5cabe4bcc23258109f2b163": 1782898983.3025045, "om_x100b6b7a58694c8cc1fb0f5b385a06a": 1782899051.1981013, "om_x100b6b7a6dc0dcb8c398c14de6af706": 1782899249.728767, "om_x100b6b7a6402910cc3babb187b5d847": 1782899373.849501, "om_x100b6b7a652e28acc21d5e0b0ea2bc6": 1782899391.0392663, "om_x100b6b7a6362acb0c2c86fb842107ea": 1782899419.7943747, "om_x100b6b7a61f610a8c397b03f6c15c8f": 1782899444.5707462, "om_x100b6b7a7ec580ecc2eb87e25689683": 1782899457.3855672, "om_x100b6b7af740f4acc2242d1a4f575b9": 1782901657.8069484, "om_x100b6b7a8d9738b0c3b0bb83c4c661d": 1782901814.6763868, "om_x100b6b7a88fa78a8c25e99d4c9aa72f": 1782901860.6727655, "om_x100b6b7a885fbcb0c39c4abd5d2d37e": 1782901866.1063323, "om_x100b6b7a854a9cb4c2fcdef27351cc5": 1782901945.311272, "om_x100b6b7a967918b0c3cc791b016e444": 1782902156.2337852, "om_x100b6b7aafe55480c2e54dbbcbc4595": 1782902291.304164, "om_x100b6b7aba8e54b0c4bbafc57683814": 1782902597.0959656, "om_x100b6b7ab79c2ca4c2e9d8fd4c4438a": 1782902677.8944519, "om_x100b6b7ab05f6cb4c22875753ed624f": 1782902761.9941318, "om_x100b6b7b6ef17ca4c4ef80ca9a561a6": 1782903300.697921, "om_x100b6b7b7d307cb4c1e04bfd348dc40": 1782903616.7233868, "om_x100b6b7b29c1d4a8c435e22d741a8e9": 1782904433.6353567, "om_x100b6b7b2219d0a8c1f98b75236e581": 1782904526.0061421, "om_x100b6b7b206aa48cc4b077df1ae9ded": 1782904555.2246308, "om_x100b6b7b203c48a4c431536d309094b": 1782904559.9329612, "om_x100b6b7b21f1b4a8c4b8991a10622a6": 1782904564.5679317, "om_x100b6b7b366448a8c2d715a70450c0d": 1782904715.4041154, "om_x100b6b7bcf367ca4c4951372f85b4b8": 1782904864.7226906, "om_x100b6b7bca7fa880c49bb432fbc314f": 1782904907.8768015, "om_x100b6b7bcb4978b8c055319958ee7bf": 1782904921.2235973, "om_x100b6b65d4ce38acc4b2bba78a2353e": 1782913441.0187364, "om_x100b6b65d35610b4c39998ecbf2676f": 1782913498.4332554, "om_x100b6b65e35fd8a0c4a4b0ec6db60b0": 1782913753.9020379, "om_x100b6b65e0b320a8c3d227d8ca37e59": 1782913768.6484396, "om_x100b6b65fbbc00a4c35c1d1df8ef811": 1782913879.856138, "om_x100b6b65f3f4dca0c35f7024306fcc9": 1782914004.3290334, "om_x100b6b658a4280a8c2dd0e9b700e75e": 1782914121.6202855, "om_x100b6b6585bee4a4c38bebca27eeaf8": 1782914232.0265422, "om_x100b6b6597ce5138c1e323bd6340255": 1782914449.1324883, "om_x100b6b666b6778a0c1e46bfbd642d4e": 1782915675.4459133, "om_x100b6b6662bbd4a8c10beaaa85b2e88": 1782915784.129889, "om_x100b6b667663c4a8c4aeae6bf03cdb2": 1782915979.683147, "om_x100b6b6675de4ca4c3f3c1f53ea8a74": 1782916018.0946848, "om_x100b6b6673a864a0c07e105c61c4123": 1782916055.1243975, "om_x100b6b667114c8a8c31f58c1019f47f": 1782916094.2520084, "om_x100b6b6608df20a8c3915cdaee5c298": 1782916193.8323522, "om_x100b6b6601f5c8a0c1784c27b20b9d0": 1782916340.3621936, "om_x100b6b66111e50a4c2ac89f04459352": 1782916606.0280762, "om_x100b6b66259bb0a4c4b7612d318c76f": 1782916790.036064, "om_x100b6b662034e8acc1f80a6576cceb2": 1782916848.2995248, "om_x100b6b663c7300a8c4f5c61c29d9a2b": 1782916908.5851045, "om_x100b6b66395dbca0c1814b4e7b41c13": 1782916985.6831977, "om_x100b6b66305604a4c4331f54af25d41": 1782917098.4419448, "om_x100b6b66cd8600b0c2e8ed1f482ecf8": 1782917173.4514902, "om_x100b6b66cb21b878c1e685ca67f09f5": 1782917215.4469879, "om_x100b6b66c66174a0c2a450acb612854": 1782917259.4719574, "om_x100b6b66c3ac20a8c1b3b5e2a85ccd8": 1782917334.7705848, "om_x100b6b66d37064a0c21972038c85fe2": 1782917596.6448257, "om_x100b6b66d1bacca8c23c4d3d19054e5": 1782917624.3804653, "om_x100b6b66ed0dfca4c44b26f8c7936c2": 1782917692.8816214, "om_x100b6b66ea7894a0c22819ff2cb286a": 1782917707.9924464, "om_x100b6b66ebe82ca0c226876a4ccbb3f": 1782917715.0115054, "om_x100b6b66e48c88b4c07a238c2153b22": 1782917796.7018676, "om_x100b6b66f8a66cacc05a88b9a4fe305": 1782917991.4109101, "om_x100b6b6686d3fcacc2eef9fe74aa928": 1782918274.6341226, "om_x100b6b669f66a8a4c299c6a78a20c05": 1782918427.3824975, "om_x100b6b66948824a8c1b6095b5eb8ba1": 1782918564.9683554, "om_x100b6b6694394ca8c22e678941a9aa3": 1782918575.934766, "om_x100b6b66952cc4a4c3bc82f2642f7c5": 1782918590.7402809, "om_x100b6b66ab22a8a4c22f6c0bdbce1a9": 1782918751.686933, "om_x100b6b66a618e8a0c297827bb3ddc34": 1782918797.9842281, "om_x100b6b66b8d7c0a4c17ffd07078853f": 1782919010.2852178, "om_x100b6b66b02480acc3f580600be1edf": 1782919151.2111862, "om_x100b6b674ae4a4a8c06d2a1ba787a05": 1782919235.282287, "om_x100b6b6749834ca8c24d1cd57ce4bd9": 1782919285.579154, "om_x100b6b67463678a4c4b0a14407e9f24": 1782919312.3830483, "om_x100b6b67414c38a4c4ec87579526c2f": 1782919416.7664115, "om_x100b6b6756e18ca8c4400c5f8ae0b8b": 1782919555.4359958, "om_x100b6b676ec87cacc4e2aaf2c4fda7b": 1782919681.0477202, "om_x100b6b676c1514a4c17cb22250655c4": 1782919726.2552466, "om_x100b6b67661384a0c1cebbd6eb209aa": 1782919822.6128435, "om_x100b6b676147d4b4c0541e605c263f6": 1782919929.3021204}}